0.017437829,-0.36108744,0.28787437,-0.24236529,-0.59259266,0.8055023,1.5702202
0.017437829,-0.36108744,0.27622172,-0.21883056,-0.49553347,0.86858886,1.5050375
0.017437829,-0.36108744,0.26736695,-0.19410685,-0.39183396,0.92003596,1.440674
0.017437829,-0.36108744,0.2614287,-0.16852549,-0.2828837,0.9591542,1.3786181
0.017437829,-0.36108744,0.25848663,-0.14242926,-0.1701427,0.98541945,1.3199143
0.017437829,-0.36108744,0.2585801,-0.116167895,-0.055121724,0.99847966,1.265081
0.017437829,-0.36108744,0.2617078,-0.09009328,0.06063791,0.9981598,1.2141922
0.017437829,-0.36108744,0.26782796,-0.064554825,0.17558497,0.9844643,1.1670268
0.017437829,-0.36108744,0.27685845,-0.039894767,0.28817913,0.9575765,1.1232117
0.017437829,-0.36108744,0.28867832,-0.016443552,0.39691156,0.9178569,1.0823227
0.017437829,-0.36108744,0.30312914,0.00548456,0.5003252,0.8658376,1.0439438
0.017437829,-0.36108744,0.32001728,0.025595725,0.59703434,0.8022157,1.0076965
0.017437829,-0.36108744,0.33911645,0.043620445,0.685743,0.7278438,0.9732504
0.017437829,-0.36108744,0.3601707,0.059317183,0.76526237,0.64371854,0.940323
0.017437829,-0.36108744,0.38289785,0.0724756,0.8345269,0.55096716,0.908676
0.017437829,-0.36108744,0.40699342,0.08291936,0.8926085,0.45083264,0.8781093
0.017437829,-0.36108744,0.4321345,0.09050851,0.93872875,0.34465677,0.84845465
0.017437829,-0.36108744,0.45798415,0.095141366,0.9722697,0.23386237,0.8195706
0.017437829,-0.36108744,0.48419604,0.09675583,0.9927819,0.11993411,0.7913374
0.017437829,-0.36108744,0.51041883,0.09533029,0.99999034,0.0043986924,0.76365286
0.017437829,-0.36108744,0.5363012,0.09088382,0.99379855,-0.11119567,0.73642945
0.017437829,-0.36108744,0.5614963,0.08347603,0.9742894,-0.22529997,0.70959103
0.017437829,-0.36108744,0.58566654,0.07320617,0.9417245,-0.33638516,0.6830709
0.017437829,-0.36108744,0.6084879,0.060211875,0.89654005,-0.44296265,0.6568097
0.017437829,-0.36108744,0.6296547,0.04466726,0.83934164,-0.54360425,0.630754
0.017437829,-0.36108744,0.6488833,0.026780631,0.7708957,-0.6369614,0.60485494
0.017437829,-0.36108744,0.6659159,0.0067916834,0.6921195,-0.7217829,0.57906693
0.017437829,-0.36108744,0.68052435,-0.015031728,0.6040686,-0.79693234,0.55334675
0.017437829,-0.36108744,0.6925129,-0.03839716,0.5079229,-0.8614025,0.5276526
0.017437829,-0.36108744,0.7017209,-0.06299151,0.40497085,-0.9143296,0.5019433
0.017437829,-0.36108744,0.70802486,-0.088485196,0.29659206,-0.9550043,0.47617725
0.017437829,-0.36108744,0.7113404,-0.1145366,0.1842388,-0.9828815,0.45031166
0.017437829,-0.36108744,0.71162313,-0.14079662,0.06941667,-0.99758774,0.42430174
0.017437829,-0.36108744,0.70886916,-0.16691336,-0.046335664,-0.9989259,0.39809954
0.017437829,-0.36108744,0.7031154,-0.19253685,-0.16146709,-0.9868781,0.37165296
0.017437829,-0.36108744,0.69443905,-0.2173237,-0.27443478,-0.9616057,0.34490436
0.017437829,-0.36108744,0.6829563,-0.24094181,-0.38372496,-0.92344743,0.3177891
0.017437829,-0.36108744,0.668821,-0.26307464,-0.48787305,-0.8729146,0.29023385
0.017437829,-0.36108744,0.6522226,-0.28342563,-0.5854835,-0.8106843,0.26215413
0.017437829,-0.36108744,0.6333836,-0.30172205,-0.67524815,-0.7375906,0.233452
0.017437829,-0.36108744,0.6125563,-0.3177187,-0.7559643,-0.6546129,0.20401274
0.017437829,-0.36108744,0.5900199,-0.3312013,-0.8265502,-0.56286305,0.17370091
0.017437829,-0.36108744,0.5660764,-0.34198907,-0.88605994,-0.46357068,0.14235593
0.017437829,-0.36108744,0.5410466,-0.34993753,-0.9336962,-0.35806626,0.10978662
0.017437829,-0.36108744,0.5185317,-0.36345595,-0.88605994,-0.46357068,-1.8450634
0.017437829,-0.36108744,0.4935019,-0.3714044,-0.9336962,-0.35806626,-1.8765391
0.017437829,-0.36108744,0.46772125,-0.37640703,-0.9688205,-0.24776359,-1.909479
0.017437829,-0.36108744,0.44153517,-0.37839675,-0.99096227,-0.1341408,-1.9441881
0.017437829,-0.36108744,0.41529465,-0.3773469,-0.99982476,-0.018720485,-1.9810394
0.017437829,-0.36108744,0.38935122,-0.3732716,-0.9952892,0.0969507,-0.020484583
0.017437829,-0.36108744,0.3631684,-0.375303,-0.99982476,-0.018720485,-1.98096
0.017437829,-0.36108744,0.33722496,-0.37122768,-0.9952892,0.0969507,-0.020818906
0.017437829,-0.36108744,0.3110421,-0.37325907,-0.99982476,-0.018720485,-1.9808525
0.017437829,-0.36108744,0.2850987,-0.36918378,-0.9952892,0.0969507,-0.021283483
0.017437829,-0.36108744,0.25891584,-0.37121516,-0.99982476,-0.018720485,-1.9806985
0.017437829,-0.36108744,0.23297244,-0.36713985,-0.9952892,0.0969507,-0.021972848
0.017437829,-0.36108744,0.20678958,-0.36917123,-0.99982476,-0.018720485,-1.9804597
0.017437829,-0.36108744,0.18084618,-0.36509594,-0.9952892,0.0969507,-0.023102196
0.017437829,-0.36108744,0.15466332,-0.36712733,-0.99982476,-0.018720485,-1.9800396
0.017437829,-0.36108744,0.12871993,-0.363052,-0.9952892,0.0969507,-0.025290089
0.2451331,-0.00933221,0.102537066,-0.3650834,-0.99982476,-0.018720485,-1.979105
0.2451331,-0.00933221,0.07659366,-0.3610081,-0.9952892,0.0969507,0.6113461
0.2451331,-0.00933221,0.051295046,-0.3539619,-0.97741634,0.21132271,0.5953102
0.2451331,-0.00933221,0.026980238,-0.3440393,-0.94644576,0.32286292,0.57921696
0.2451331,-0.00933221,0.0039750612,-0.33137318,-0.9027924,0.43007663,0.5630834
0.2451331,-0.00933221,-0.017412204,-0.31613332,-0.84704125,0.53152716,0.5469255
0.2451331,-0.00933221,-0.03689496,-0.29852393,-0.7799395,0.62585497,0.5307585
0.2451331,-0.00933221,-0.05421213,-0.27878097,-0.70238614,0.7117961,0.51459736
0.2451331,-0.00933221,-0.06913166,-0.25716904,-0.6154206,0.7881989,0.4984573
0.2451331,-0.00933221,-0.081453614,-0.23397769,-0.5202081,0.8540395,0.48235413
0.2451331,-0.00933221,-0.09101289,-0.20951775,-0.41802472,0.90843564,0.46630448
0.2451331,-0.00933221,-0.097681366,-0.18411696,-0.31023958,0.9506584,0.45032668
0.2451331,-0.00933221,-0.1013697,-0.15811573,-0.19829711,0.98014194,0.434441
0.2451331,-0.00933221,-0.10202847,-0.13186245,-0.083697386,0.9964912,0.41867056
0.2451331,-0.00933221,-0.099648826,-0.10570894,0.032023914,0.9994871,0.40304226
0.2451331,-0.00933221,-0.094262674,-0.080005676,0.14731608,0.9890895,0.38758773
0.2451331,-0.00933221,-0.08594219,-0.05509708,0.26063415,0.96543765,0.37234515
0.2451331,-0.00933221,-0.07479887,-0.031316947,0.37045962,0.92884856,0.35736126
0.2451331,-0.00933221,-0.06098203,-0.008983933,0.4753208,0.87981254,0.34269416
0.2451331,-0.00933221,-0.044676833,0.011602689,0.5738125,0.8189867,0.3284176
0.2451331,-0.00933221,-0.026101768,0.030167049,0.66461486,0.7471861,0.31462675
0.2451331,-0.00933221,-0.0055057514,0.04646038,0.7465111,0.66537297,0.301447
0.2451331,-0.00933221,0.016835222,0.06026434,0.81840384,0.5746435,0.2890472
0.2451331,-0.00933221,0.040621776,0.07139396,0.8793296,0.4762136,0.27766052
0.2451331,-0.00933221,0.06553516,0.07970008,0.92847204,0.37140226,0.2676176
0.2451331,-0.00933221,0.09124152,0.08507142,0.9651726,0.261614,0.25940317
0.2451331,-0.00933221,0.1173964,0.08743598,0.9889394,0.14831999,0.2537538
0.2451331,-0.00933221,0.1436493,0.08676209,0.9994541,0.033038437,0.2518377
0.2451331,-0.00933221,0.16964841,0.08305877,0.99657565,-0.08268584,0.25559855
-0.07976691,-0.3094019,0.19504534,0.07637565,0.98034275,-0.1973021,0.26843724
-0.07976691,-0.3094019,0.21949977,0.066802286,0.95097286,-0.30927444,0.6138133
-0.07976691,-0.3094019,0.24268399,0.05446696,0.9088595,-0.41710237,0.5938596
-0.07976691,-0.3094019,0.26428735,0.03953498,0.8545671,-0.519341,0.5739348
-0.07976691,-0.3094019,0.2840203,0.022206431,0.7888232,-0.6146202,0.55402833
-0.07976691,-0.3094019,0.30161846,0.0027135296,0.71250874,-0.70166326,0.5341302
-0.07976691,-0.3094019,0.31684598,-0.018682515,0.62664634,-0.7793038,0.5142306
-0.07976691,-0.3094019,0.32949886,-0.041694988,0.53238666,-0.8465013,0.4943197
-0.07976691,-0.3094019,0.33940747,-0.06601551,0.43099278,-0.9023554,0.47438738
-0.07976691,-0.3094019,0.34643906,-0.09131818,0.32382345,-0.9461175,0.45442283
-0.07976691,-0.3094019,0.35049942,-0.117263936,0.21231474,-0.97720134,0.43441448
-0.07976691,-0.3094019,0.35153413,-0.14350508,0.097960934,-0.99519026,0.41434938
-0.07976691,-0.3094019,0.3495293,-0.16968998,-0.017705591,-0.99984324,0.39421287
-0.07976691,-0.3094019,0.34451184,-0.19546776,-0.13313486,-0.9910979,0.37398806
-0.07976691,-0.3094019,0.33654895,-0.22049296,-0.24678005,-0.9690715,0.3536549
-0.07976691,-0.3094019,0.32574737,-0.24443026,-0.3571183,-0.93405914,0.33318937
-0.07976691,-0.3094019,0.3122518,-0.26695886,-0.46267104,-0.88653004,0.3125621
-0.07976691,-0.3094019,0.29624313,-0.28777692,-0.56202376,-0.8271211,0.2917365
-0.07976691,-0.3094019,0.27793586,-0.3066054,-0.6538452,-0.75662833,0.27066627
-0.07976691,-0.3094019,0.2575753,-0.32319206,-0.7369048,-0.67599654,-1.7507086
-0.07976691,-0.3094019,0.23543434,-0.33731458,-0.81008965,-0.58630604,-1.772467
-0.07976691,-0.3094019,0.21180962,-0.34878373,-0.87241894,-0.48875886,-1.7947159
-0.07976691,-0.3094019,0.18701775,-0.35744584,-0.92305744,-0.38466212,-1.817603
-0.07976691,-0.3094019,0.16139096,-0.36318478,-0.96132666,-0.27541074,-1.84134
-0.07976691,-0.3094019,0.13527264,-0.3659237,-0.9867137,-0.16246875,-1.8662392
-0.07976691,-0.3094019,0.10901279,-0.3656259,-0.99887836,-0.047349613,-1.8927834
-0.07976691,-0.3094019,0.0829633,-0.3622953,-0.9976577,0.06840403,0.07824321
-0.07976691,-0.3094019,0.05747325,-0.3559766,-0.983068,0.18324102,0.045482766
-0.07976691,-0.3094019,0.032884214,-0.3467545,-0.95530486,0.29562253,0.006386072
0.0315528,0.42180753,0.009525696,-0.33475247,-0.9147402,0.40404254,-0.044342525
0.0315528,0.42180753,-0.015974378,-0.32847437,-0.95530486,0.29562253,0.42460963
0.0315528,0.42180753,-0.039332896,-0.31647235,-0.9147402,0.40404254,0.3980738
0.0315528,0.42180753,-0.061147884,-0.30185133,-0.8619177,0.50704825,0.37129122
0.0315528,0.42180753,-0.08112701,-0.28480718,-0.7975451,0.6032593,0.34420365
0.0315528,0.42180753,-0.099002555,-0.26556832,-0.7224851,0.69138646,0.31674612
0.0315528,0.42180753,-0.11453497,-0.24439256,-0.63774353,0.7702488,0.28884506
0.0315528,0.42180753,-0.1275161,-0.22156367,-0.54445595,0.8387894,0.26041645
0.0315528,0.42180753,-0.13777204,-0.19738756,-0.44387245,0.89609,0.23136327
0.0315528,0.42180753,-0.14516531,-0.1721882,-0.3373409,0.9413826,0.20157266
0.0315528,0.42180753,-0.14959686,-0.14630325,-0.22628881,0.97406024,0.17091249
0.0315528,0.42180753,-0.15100728,-0.120079614,-0.11220438,0.9936851,0.1392273
0.0315528,0.42180753,-0.1493777,-0.09386868,0.0033836386,0.9999943,0.106333874
0.0315528,0.42180753,-0.14472996,-0.06802169,0.11892632,0.99290305,0.07201645
0.0315528,0.42180753,-0.13712631,-0.042885005,0.23287533,0.9725066,0.036022317
0.0315528,0.42180753,-0.12666866,-0.01879546,0.34370372,0.93907815,-0.0019409205
0.0315528,0.42180753,-0.11349715,0.00392413,0.44992635,0.8930657,-0.042204164
0.0315528,0.42180753,-0.105933525,0.029072886,0.34370372,0.93907815,-0.0044935844
0.0315528,0.42180753,-0.092762016,0.051792476,0.44992635,0.8930657,-0.045377973
0.0315528,0.42180753,-0.077053145,0.072837666,0.5501198,0.83508575,-0.08937841
0.0315528,0.42180753,-0.06663385,0.09694382,0.44992635,0.8930657,-0.0551226
0.0315528,0.42180753,-0.059070215,0.122092575,0.34370372,0.93907815,-0.018218104
0.0315528,0.42180753,-0.045898706,0.14481217,0.44992635,0.8930657,-0.06176264
0.0315528,0.42180753,-0.030189835,0.16585736,0.5501198,0.83508575,-0.11007182
0.0315528,0.42180753,-0.01977054,0.1899635,0.44992635,0.8930657,-0.07920379
0.0315528,0.42180753,-0.012206908,0.21511227,0.34370372,0.93907815,-0.04527241
0.0315528,0.42180753,0.00096460135,0.23783186,0.44992635,0.8930657,-0.09610659
0.0315528,0.42180753,0.0085282335,0.2629806,0.34370372,0.93907815,-0.065856576
0.0315528,0.42180753,0.021699743,0.2857002,0.44992635,0.8930657,-0.12554686
0.0315528,0.42180753,0.029263373,0.31084895,0.34370372,0.93907815,-0.10511478
0.4858045,0.07299523,0.033869985,0.33670333,0.23287533,0.9725066,-0.08347809
0.4858045,0.07299523,0.04432763,0.36079288,0.34370372,0.93907815,0.5722085
0.4858045,0.07299523,0.05749914,0.38351247,0.44992635,0.8930657,0.5511266
0.4858045,0.07299523,0.07320801,0.40455765,0.5501198,0.83508575,0.5300562
0.4858045,0.07299523,0.09124374,0.42364642,0.6429414,0.7659154,0.50898
0.4858045,0.07299523,0.11136463,0.44052297,0.72714734,0.6864814,0.4878804
0.4858045,0.07299523,0.13330106,0.45496115,0.8016092,0.59784836,0.46673933
0.4858045,0.07299523,0.1567591,0.4667675,0.86532927,0.50120384,0.4455375
0.4858045,0.07299523,0.18142435,0.47578377,0.91745347,0.39784303,0.42425394
0.4858045,0.07299523,0.20696633,0.4818892,0.9572835,0.28915098,0.4028654
0.4858045,0.07299523,0.23304275,0.4850019,0.98428553,0.17658417,0.38134545
0.4858045,0.07299523,0.25930417,0.4850802,0.9980978,0.061651073,0.35966346
0.4858045,0.07299523,0.2853987,0.48212308,0.9985351,-0.054108176,0.33778337
0.4858045,0.07299523,0.31097662,0.4761701,0.98559165,-0.16914235,0.3156619
0.4858045,0.07299523,0.3356952,0.4673011,0.9594409,-0.28190994,0.2932462
0.4858045,0.07299523,0.35922325,0.45563486,0.9204332,-0.39089987,0.27047074
0.4858045,0.07299523,0.3812454,0.44132778,0.8690914,-0.49465153,0.24725273
0.4858045,0.07299523,0.40146658,0.4245715,0.8061034,-0.5917747,0.2234858
0.4858045,0.07299523,0.41961583,0.40559065,0.73231333,-0.68096787,0.1990305
0.4858045,0.07299523,0.43544996,0.38463953,0.64870995,-0.76103574,0.17370029
0.4858045,0.07299523,0.44875672,0.36199892,0.5564136,-0.8309055,0.14723973
0.4858045,0.07299523,0.45935786,0.33797216,0.45666108,-0.88964075,0.11928999
0.4858045,0.07299523,0.4752253,0.31704625,0.5564136,-0.8309055,0.17403339
0.4858045,0.07299523,0.4858264,0.2930195,0.45666108,-0.88964075,0.1509865
0.4858045,0.07299523,0.50169384,0.27209362,0.5564136,-0.8309055,0.21317244
0.4858045,0.07299523,0.512295,0.24806687,0.45666108,-0.88964075,0.19875635
0.4858045,0.07299523,0.5281624,0.22714098,0.5564136,-0.8309055,0.2731848
0.4858045,0.07299523,0.5387635,0.20311423,0.45666108,-0.88964075,0.2739912
0.4858045,0.07299523,0.54651695,0.17802334,0.35078913,-0.9364545,0.28092247
0.4858045,0.07299523,0.55131876,0.15220453,0.24021646,-0.97071934,0.29718658
0.4713988,-0.22616537,0.55310464,0.12600379,0.1264248,-0.9919762,0.32798627
0.4713988,-0.22616537,0.5518507,0.0997722,0.010939009,-0.99994016,0.08051142
0.4713988,-0.22616537,0.55669355,0.073961064,0.1264248,-0.9919762,0.12848881
0.4713988,-0.22616537,0.5644869,0.04888254,0.24021646,-0.97071934,0.18109643
0.4713988,-0.22616537,0.5662728,0.022681795,0.1264248,-0.9919762,0.15629217
0.4713988,-0.22616537,0.57406616,-0.0023967263,0.24021646,-0.97071934,0.21414141
0.4713988,-0.22616537,0.57585204,-0.028597474,0.1264248,-0.9919762,0.19515687
0.4713988,-0.22616537,0.58364534,-0.053675994,0.24021646,-0.97071934,0.26085094
0.4713988,-0.22616537,0.5854312,-0.07987674,0.1264248,-0.9919762,0.25110868
0.4713988,-0.22616537,0.5841772,-0.10610832,0.010939009,-0.99994016,0.24353467
0.4713988,-0.22616537,0.58902013,-0.13191946,0.1264248,-0.9919762,0.32532805
0.4713988,-0.22616537,0.5877661,-0.15815105,0.010939009,-0.99994016,0.33511862
0.4713988,-0.22616537,0.58348906,-0.18406194,-0.104693376,-0.9945046,0.3522404
0.4713988,-0.22616537,0.5762462,-0.20930496,-0.21892284,-0.97574216,0.37899306
0.32306924,0.32541165,0.56613463,-0.23354182,-0.33021864,-0.94390446,-1.5823877
0.32306924,0.32541165,0.5532899,-0.25644773,-0.43708938,-0.89941806,-1.2639179
0.32306924,0.32541165,0.53788406,-0.27771574,-0.5381029,-0.8428791,-1.2897716
0.32306924,0.32541165,0.52012354,-0.29706088,-0.63190573,-0.7750453,-1.3153163
0.32306924,0.32541165,0.5002464,-0.31422386,-0.7172407,-0.6968255,-1.3406096
0.32306924,0.32541165,0.47851902,-0.32897475,-0.7929644,-0.60926795,-1.365702
0.32306924,0.32541165,0.4552325,-0.34111586,-0.858062,-0.513546,-1.3906398
0.32306924,0.32541165,0.43069893,-0.3504845,-0.9116613,-0.41094235,-1.4154654
0.32306924,0.32541165,0.405247,-0.35695508,-0.953044,-0.3028319,-1.4402184
0.32306924,0.32541165,0.37921783,-0.36044097,-0.9816555,-0.19066337,-1.4649372
0.32306924,0.32541165,0.35296023,-0.3608954,-0.9971124,-0.075939886,-1.489659
0.32306924,0.32541165,0.32682604,-0.35831228,-0.9992076,0.039801225,0.48557857
0.32306924,0.32541165,0.30116546,-0.35272628,-0.9879131,0.15500899,0.46073714
0.32306924,0.32541165,0.2763224,-0.3442122,-0.9633801,0.26813957,0.4357766
0.32306924,0.32541165,0.2526297,-0.33288413,-0.9259374,0.37767696,0.41065398
0.32306924,0.32541165,0.23040488,-0.3188939,-0.87608683,0.48215336,0.38532254
0.32306924,0.32541165,0.20994578,-0.30242902,-0.81449634,0.58016866,0.35973045
0.32306924,0.32541165,0.19152653,-0.28371003,-0.7419913,0.6704095,0.3338193
0.32306924,0.32541165,0.17539398,-0.26298785,-0.6595432,0.7516666,0.3075223
0.32306924,0.32541165,0.1617643,-0.24054012,-0.56825703,0.82285106,0.2807619
0.32306924,0.32541165,0.15082014,-0.21666767,-0.469356,0.883009,0.25344715
0.32306924,0.32541165,0.14270814,-0.1916904,-0.3641654,0.9313343,0.22546999
0.32306924,0.32541165,0.13753702,-0.16594301,-0.25409484,0.9671793,0.19670089
0.32306924,0.32541165,0.13537608,-0.13977054,-0.14061931,0.9900637,0.16698295
0.32306924,0.32541165,0.13625425,-0.11352368,-0.025259413,0.99968094,0.13612485
0.32306924,0.32541165,0.1401598,-0.08755417,0.09043896,0.995902,0.103891626
0.32306924,0.32541165,0.14704037,-0.062210016,0.20492542,0.9787776,0.06999378
0.32306924,0.32541165,0.15680374,-0.037830826,0.3166658,0.9485372,0.034074415
0.32306924,0.32541165,0.16931912,-0.014743301,0.42416275,0.905586,-0.0043038633
0.32306924,0.32541165,0.18441878,0.0067431824,0.5259757,0.8504996,-0.045668997
0.32306924,0.32541165,0.20190036,0.026340695,0.6207404,0.78401613,-0.09063802
0.32306924,0.32541165,0.21437898,0.04944811,0.5259757,0.8504996,-0.05686991
0.32306924,0.32541165,0.23186058,0.069045626,0.6207404,0.78401613,-0.104366235
0.32306924,0.32541165,0.24433918,0.092153035,0.5259757,0.8504996,-0.0726847
0.32306924,0.32541165,0.26182076,0.11175055,0.6207404,0.78401613,-0.124303594
0.32306924,0.32541165,0.27429938,0.13485797,0.5259757,0.8504996,-0.09654425
0.32306924,0.32541165,0.29178098,0.15445548,0.6207404,0.78401613,-0.15554875
0.32306924,0.32541165,0.3042596,0.17756289,0.5259757,0.8504996,-0.13602
0.32306924,0.32541165,0.3139842,0.20195758,0.42416275,0.905586,-0.11604902
-0.13863853,-0.338318,0.3208244,0.22731267,0.3166658,0.9485372,-0.09528056
-0.13863853,-0.338318,0.33333978,0.2504002,0.42416275,0.905586,1.0756758
-0.13863853,-0.338318,0.34843943,0.27188668,0.5259757,0.8504996,1.0381314
-0.13863853,-0.338318,0.36592102,0.29148418,0.6207404,0.78401613,1.0018299
-0.13863853,-0.338318,0.3855503,0.3089301,0.70718694,0.7070266,0.9666477
-0.13863853,-0.338318,0.4070642,0.32399067,0.7841569,0.6205626,0.9324651
-0.13863853,-0.338318,0.43017444,0.33646405,0.85061884,0.5257828,0.89916915
-0.13863853,-0.338318,0.45457134,0.3461831,0.90568215,0.42395738,0.866655
-0.13863853,-0.338318,0.47992796,0.35301757,0.94860893,0.3164507,0.83482623
-0.13863853,-0.338318,0.5059045,0.3568759,0.978824,0.20470347,0.8035945
-0.13863853,-0.338318,0.53215295,0.35770634,0.9959225,0.09021312,0.7728791
-0.13863853,-0.338318,0.5583214,0.3554978,0.99967515,-0.025486108,0.7426062
-0.13863853,-0.338318,0.58405936,0.3502799,0.99003184,-0.14084381,0.71270806
-0.13863853,-0.338318,0.60902184,0.3421225,0.96712166,-0.25431415,0.6831219
-0.13863853,-0.338318,0.63287437,0.33113495,0.9312517,-0.3643766,0.6537896
-0.13863853,-0.338318,0.6552973,0.31746447,0.88290256,-0.46955624,0.62465644
-0.13863853,-0.338318,0.6759901,0.30129427,0.8227222,-0.56844366,0.59567064
-0.13863853,-0.338318,0.69467556,0.28284103,0.75151706,-0.6597137,0.5667823
-0.13863853,-0.338318,0.71110326,0.26235202,0.67024124,-0.7421433,0.53794307
-0.13863853,-0.338318,0.725053,0.2401018,0.57998395,-0.8146279,0.5091052
-0.13863853,-0.338318,0.73633796,0.21638854,0.48195466,-0.87619615,0.480221
-0.13863853,-0.338318,0.7448069,0.19153002,0.37746698,-0.92602307,0.45124206
-0.13863853,-0.338318,0.75034624,0.16585933,0.2679211,-0.96344084,0.4221187
-0.13863853,-0.338318,0.7528818,0.13972048,0.15478495,-0.9879482,0.39279917
-0.13863853,-0.338318,0.75237966,0.11346375,0.039574634,-0.9992166,0.36322904
-0.13863853,-0.338318,0.7488464,0.08744097,-0.076166,-0.99709517,0.33335024
-0.13863853,-0.338318,0.7423296,0.062000867,-0.19088598,-0.9816122,0.30310047
-0.13863853,-0.338318,0.73291636,0.037484344,-0.303048,-0.9529753,0.2724122
-0.13863853,-0.338318,0.7207329,0.014219936,-0.41114908,-0.9115681,0.24121204
-0.13863853,-0.338318,0.7059426,-0.007480607,-0.5137406,-0.85794556,0.20941961
-0.13863853,-0.338318,0.6887435,-0.027326487,-0.6094478,-0.79282624,0.17694707
-0.13863853,-0.338318,0.66936606,-0.045051765,-0.6969881,-0.7170827,0.14369842
-0.13863853,-0.338318,0.6546103,-0.06677581,-0.6094478,-0.79282624,0.1864083
-0.13863853,-0.338318,0.63523287,-0.084501095,-0.6969881,-0.7170827,0.15364176
-0.13863853,-0.338318,0.6204771,-0.10622515,-0.6094478,-0.79282624,0.19694372
-0.13863853,-0.338318,0.60109967,-0.12395042,-0.6969881,-0.7170827,0.16473982
-0.13863853,-0.338318,0.5863438,-0.14567448,-0.6094478,-0.79282624,0.20871978
-0.13863853,-0.338318,0.5669665,-0.16339976,-0.6969881,-0.7170827,0.17717385
-0.13863853,-0.338318,0.54567045,-0.1787669,-0.7751885,-0.63172996,0.14474143
-0.13863853,-0.338318,0.52850294,-0.19864012,-0.6969881,-0.7170827,0.18882816
-0.13863853,-0.338318,0.507207,-0.21400727,-0.7751885,-0.63172996,0.15712756
-0.13863853,-0.338318,0.49003947,-0.2338805,-0.6969881,-0.7170827,0.20212314
-0.13863853,-0.338318,0.46874347,-0.24924766,-0.7751885,-0.63172996,0.17130622
-0.13863853,-0.338318,0.44581425,-0.26205075,-0.8430011,-0.5379118,0.13948269
-0.13863853,-0.338318,0.4264651,-0.27980682,-0.7751885,-0.63172996,0.18481387
-0.13863853,-0.338318,0.40353587,-0.29260993,-0.8430011,-0.5379118,0.15401481
-0.13863853,-0.338318,0.3792807,-0.3026774,-0.8995172,-0.43688542,0.12204846
-0.13863853,-0.338318,0.35800916,-0.3180784,-0.8430011,-0.5379118,0.16782193
-0.13863853,-0.338318,0.33375397,-0.3281459,-0.8995172,-0.43688542,0.1370653
-0.13863853,-0.338318,0.30849785,-0.33534282,-0.9439793,-0.33000457,0.10493234
-0.13863853,-0.338318,0.28257918,-0.3395728,-0.9757918,-0.21870156,-1.9288696
-0.13863853,-0.338318,0.25634536,-0.3407791,-0.9945283,-0.104467854,-1.9647027
-0.13863853,-0.338318,0.23014791,-0.3389456,-0.99993765,0.011165764,-0.0030125647
-0.13863853,-0.338318,0.20423605,-0.3432168,-0.9945283,-0.104467854,-1.9621385
-0.13863853,-0.338318,0.17803858,-0.34138328,-0.99993765,0.011165764,-0.00047325768
-0.13863853,-0.338318,0.15212671,-0.3456545,-0.9945283,-0.104467854,-1.9586563
-0.13863853,-0.338318,0.12592925,-0.343821,-0.99993765,0.011165764,0.0030656094
-0.13863853,-0.338318,0.100017376,-0.3480922,-0.9945283,-0.104467854,-1.9536569
-0.13863853,-0.338318,0.07381992,-0.3462587,-0.99993765,0.011165764,0.00833712
-0.13863853,-0.338318,0.04790805,-0.3505299,-0.9945283,-0.104467854,-1.9458783
-0.13863853,-0.338318,0.021710591,-0.34869638,-0.99993765,0.011165764,0.017019235
-0.13863853,-0.338318,-0.0040994454,-0.34384763,-0.9919475,0.12664975,-0.027347097
-0.13863853,-0.338318,-0.030331312,-0.3450957,-0.99993765,0.011165764,0.0163391
-0.31806466,0.20897971,-0.05614135,-0.34024692,-0.9919475,0.12664975,-0.032981172
-0.31806466,0.20897971,-0.08237322,-0.34149498,-0.99993765,0.011165764,0.36767524
-0.31806466,0.20897971,-0.10818325,-0.33664623,-0.9919475,0.12664975,0.34268966
-0.31806466,0.20897971,-0.13326001,-0.3288472,-0.97066486,0.24043658,0.31735706
-0.31806466,0.20897971,-0.15726744,-0.31820238,-0.9363749,0.35100147,0.29160583
-0.31806466,0.20897971,-0.17988384,-0.30485448,-0.88953716,0.4568628,0.26535115
-0.31806466,0.20897971,-0.20080614,-0.2889823,-0.83077925,0.556602,0.2384913
-0.31806466,0.20897971,-0.21975397,-0.27079856,-0.76088864,0.6488825,0.21090278
-0.31806466,0.20897971,-0.23647343,-0.25054693,-0.68080175,0.7324677,0.18243392
-0.31806466,0.20897971,-0.25074047,-0.2284988,-0.5915919,0.8062376,0.15289642
-0.31806466,0.20897971,-0.26236388,-0.2049496,-0.49445444,0.86920357,0.122054234
-0.31806466,0.20897971,-0.27118793,-0.18021493,-0.39069113,0.92052186,0.089608766
-0.31806466,0.20897971,-0.2770944,-0.1546262,-0.2816924,0.9595048,0.055179987
-0.31806466,0.20897971,-0.28000408,-0.12852636,-0.16891885,0.98563,0.018282766
-0.31806466,0.20897971,-0.27987802,-0.10226513,-0.05388174,0.9985473,-0.021699853
-0.31806466,0.20897971,-0.2767179,-0.07619441,0.06187741,0.9980838,-0.06554046
-0.31806466,0.20897971,-0.2796691,-0.050099224,-0.05388174,0.9985473,-0.029673304
-0.31806466,0.20897971,-0.276509,-0.024028512,0.06187741,0.9980838,-0.07588687
-0.31806466,0.20897971,-0.27946022,0.002066676,-0.05388174,0.9985473,-0.041553684
-0.31806466,0.20897971,-0.27630007,0.02813739,0.06187741,0.9980838,-0.09195412
-0.31806466,0.20897971,-0.2792513,0.054232575,-0.05388174,0.9985473,-0.06106472
-0.31806466,0.20897971,-0.2760912,0.08030329,0.06187741,0.9980838,-0.12007554
-0.31806466,0.20897971,-0.2790424,0.10639848,-0.05388174,0.9985473,-0.09854609
0.27993917,0.10189895,-0.28498957,0.13197777,-0.16891885,0.98563,-0.075112715
0.27993917,0.10189895,-0.2848635,0.15823899,-0.05388174,0.9985473,0.54880667
0.27993917,0.10189895,-0.28170338,0.1843097,0.06187741,0.9980838,0.52666646
0.27993917,0.10189895,-0.27555156,0.20984054,0.17680737,0.9842455,0.5045149
0.27993917,0.10189895,-0.26649043,0.23448937,0.28936806,0.95721793,0.48232785
0.27993917,0.10189895,-0.25464144,0.2579259,0.39805108,0.9173632,0.46008018
0.27993917,0.10189895,-0.24016342,0.27983603,0.50140005,0.86521554,0.43774518
0.27993917,0.10189895,-0.2232503,0.29992622,0.5980301,0.8014736,0.4152938
0.27993917,0.10189895,-0.20412877,0.3179272,0.6866463,0.72699165,0.39269376
0.27993917,0.10189895,-0.18305506,0.33359778,0.7660611,0.6427677,0.36990848
0.27993917,0.10189895,-0.16031155,0.34672797,0.8352105,0.5499304,0.34689572
0.27993917,0.10189895,-0.13620304,0.3571418,0.8931677,0.4497238,0.32360578
0.27993917,0.10189895,-0.111052565,0.36469972,0.93915606,0.34349075,0.29997933
0.27993917,0.10189895,-0.085197166,0.36930045,0.9725594,0.2326548,0.27594435
0.27993917,0.10189895,-0.05898332,0.3708824,0.99293005,0.11870115,0.25141206
0.27993917,0.10189895,-0.032762285,0.36942428,0.999995,0.0031568701,0.22627133
0.27993917,0.10189895,-0.0068854513,0.36494568,0.9936597,-0.112429716,0.20038068
0.27993917,0.10189895,0.01830043,0.3575066,0.9740089,-0.22650969,0.17355718
0.27993917,0.10189895,0.042457856,0.34720674,0.94130605,-0.33755437,0.14555998
0.27993917,0.10189895,0.06526311,0.3341841,0.8959893,-0.44407564,0.11606623
0.27993917,0.10189895,0.08641059,0.3186132,0.83866596,-0.54464614,0.08463476
0.27993917,0.10189895,0.10561691,0.30070272,0.7701041,-0.63791823,0.050650813
0.27993917,0.10189895,0.1226247,0.28069264,0.6912226,-0.7226419,0.013241788
0.27993917,0.10189895,0.14379694,0.26515543,0.7701041,-0.63791823,0.05854424
0.27993917,0.10189895,0.16080473,0.24514534,0.6912226,-0.7226419,0.02209732
0.27993917,0.10189895,0.18197696,0.22960813,0.7701041,-0.63791823,0.07151342
0.27993917,0.10189895,0.19898476,0.20959803,0.6912226,-0.7226419,0.037754446
0.27993917,0.10189895,0.22015698,0.19406083,0.7701041,-0.63791823,0.09662877
0.27993917,0.10189895,0.23716478,0.17405075,0.6912226,-0.7226419,0.07258809
